quarter,amount
unknown,75762590.75
unknown,34331030.36
unknown,42961708.6
unknown,582621139.4300001
unknown,157834214.27999997
unknown,56604877.85
unknown,11735861.59
unknown,266923702.32
unknown,0.0
